{"debug": false, "left_offset": 0.1325147838829964, "right_offset": -0.11970720077188701, "left_peripheral_edge": 0, "left_screen_edge": 0, "left_comfortable": -0.21209177007831775, "right_peripheral_edge": 0, "right_screen_edge": 0, "right_comfortable": 0.2325481038151014, "left_comfortable_with_offset": -0.07957698619532136, "right_comfortable_with_offset": 0.1128409030432144, "unity_camera": true, "center_offset": 0.0064037915555546915, "left_threshold": -0.06161470355652855, "right_threshold": 0.07268689123084345}